{"cameraMode":{"drawMode":0,"name":"Shaded","section":"Shading Mode"},"sceneLighting":false,"audioPlay":false,"sceneViewState":{"showFog":true,"showMaterialUpdate":false,"showSkybox":false,"showFlares":true,"showImageEffects":true,"showParticleSystems":true,"showVisualEffectGraphs":true,"m_FxEnabled":true},"in2DMode":false,"pivot":{"x":-16.07095718383789,"y":-3.9738523960113527,"z":-0.13779759407043458},"rotation":{"x":-0.018308650702238084,"y":0.0005971509381197393,"z":-0.000010133254363609012,"w":-0.999835193157196},"size":2.6530327796936037,"orthographic":false}